model_dir,mase_rank,wql_rank,mase,wql,position,type,leak
STRIDE_w_Synapse,14.896907216494846,13.814432989690722,1.3187904576016576,0.17336170594551578,1,agentic,No
EXAONE-Forecast-Agent,19.164948453608247,19.7319587628866,1.288731257581172,0.17407777826080645,2,agentic,No
TW3Cast,19.4020618556701,24.587628865979383,1.343196957606832,0.191528199427068,3,router,No
LS-MoE,19.670103092783506,20.50515463917526,1.3498885227146382,0.18658050293471296,4,agentic,No
LS-Agent,21.65979381443299,22.762886597938145,1.3538748798965343,0.18721138382033972,5,agentic,No
Falcon-Agent,22.54639175257732,23.567010309278352,1.3738948937133,0.19208891867459366,6,agentic,No
CastStar,22.608247422680414,21.185567010309278,1.362089639650303,0.18525719705389668,7,agentic,No
limix_moe,22.65979381443299,25.350515463917525,1.353697308055086,0.19198362805023086,8,agentic,No
TIMEHEDGE,24.195876288659793,23.257731958762886,1.3794232793358283,0.18677935283020694,9,agentic,No
RegLab-AH-1,24.814432989690722,25.391752577319586,1.3573162864085995,0.19020670798526815,10,agentic,No
RacineCast-1-NC,26.164948453608247,26.278350515463917,1.3690500697020977,0.1934859636171762,11,agentic,No
RacineCast-1,26.257731958762886,27.278350515463917,1.3681392856464694,0.19360734609766322,12,agentic,No
FastCastrage,27.79381443298969,27.948453608247423,1.3914184041502757,0.19198334129058747,13,agentic,No
TimesFM-3,28.216494845360824,26.47422680412371,1.3874736010717847,0.19269900534123252,14,zero-shot,No
Cobra-Agent,29.175257731958762,28.371134020618555,1.4042986611745862,0.19438297325744197,15,agentic,No
Toto-2.0-FnF,29.90721649484536,29.90721649484536,1.3714722382709195,0.19451461715841642,16,agentic,No
RAES-Conductance-Ensemble,31.02061855670103,31.4020618556701,1.3903520368474709,0.18808203877646892,17,agentic,Yes
Prism,31.79381443298969,31.34020618556701,1.4047947556729266,0.19785426011518237,18,agentic,No
EXAONE-Forecast,32.134020618556704,30.175257731958762,1.4393983308119649,0.1913604624952528,19,zero-shot,No
HistRoute-CV,32.63917525773196,33.21649484536083,1.3972567845979382,0.2055023696185567,20,agentic,No
Taichu-TimeSeries-Agent,33.123711340206185,34.92783505154639,1.3940107425196895,0.1960674895572574,21,agentic,No
metis-autocast,33.31958762886598,29.1340206185567,1.4041497826607963,0.19383465691726742,22,agentic,No
Toto-2.0-2.5B-FT,33.824742268041234,33.08247422680412,1.386312206264782,0.1916080449637715,23,fine-tuned,No
TSOrchestra,34.123711340206185,32.45360824742268,1.447409041342154,0.19534907429145906,24,agentic,No
DeOSAlphaTimeGPTPredictor-2025,35.02061855670103,33.58762886597938,1.4226248266761339,0.19542884898568602,25,zero-shot,No
ForecastMate,35.103092783505154,34.04123711340206,1.393267224941873,0.1863359668816997,26,agentic,No
RAES-Conductance-Ensemble-V,36.01030927835052,36.22680412371134,1.402411236002063,0.1926329364600383,27,agentic,No
TimeRouter,36.824742268041234,41.02061855670103,1.4097996565868396,0.19712424956552446,28,agentic,No
MoiraiAgent-leaking,37.93814432989691,42.04123711340206,1.4118672563256502,0.19929169172467623,29,agentic,Yes
Falcon-2.0,39.94845360824742,51.52577319587629,1.4098944314345252,0.20540024795807796,30,pretrained,No
Granite-PatchTST-FM-r2,40.29896907216495,37.81443298969072,1.4418134547124581,0.1982521073314645,31,zero-shot,No
MoiraiAgent,40.68041237113402,43.54639175257732,1.429879117453461,0.20243042518678564,32,agentic,No
Credence,40.824742268041234,37.824742268041234,1.4490685668206031,0.20063782069583838,33,agentic,No
STRIDE (+Chronos-2),41.43298969072165,35.63917525773196,1.7372569566707141,0.18152332866499057,34,pretrained,No
Samay,43.92783505154639,40.56701030927835,1.4548412303338225,0.20087723287494547,35,agentic,No
TiRex-2-Pretrained,44.24742268041237,42.74226804123711,1.4404636835142262,0.19453004118900485,36,pretrained,No
Toto-2.0-2.5B,44.48453608247423,44.78350515463917,1.4100323353913762,0.19800882892148378,37,pretrained,No
STRIDE (+Timer-S1),44.577319587628864,42.28865979381443,1.4819222521960567,0.18754928428835965,38,pretrained,No
ZooCast-Top1,44.876288659793815,45.92783505154639,1.4239864475453354,0.20586570268610516,39,agentic,No
Migas-1.0,45.25773195876289,97.69072164948453,1.4252880735144469,0.25000106324511717,40,pretrained,No
Synapse,46.55670103092783,42.06185567010309,1.4552249503154349,0.19672203767551227,41,agentic,No
TimeCopilot,46.577319587628864,44.21649484536083,1.478634848433465,0.20234179862598722,42,agentic,No
Toto-2.0-1B,47.0,46.28865979381443,1.4540951064773033,0.19809525011716786,43,pretrained,No
chronos-2,47.23711340206186,47.618556701030926,1.431155322278945,0.20797274630531154,44,pretrained,No
TurkForecast-FM-Chronos2-LoRA-v1,48.123711340206185,47.154639175257735,1.1327827243406543,0.19973450558557732,45,fine-tuned,No
Toto-2.0-313m,48.154639175257735,46.75257731958763,1.4926420960285052,0.19720459103723775,46,pretrained,No
EFG-base,50.43298969072165,49.577319587628864,1.5704558938818798,0.19890665594809706,47,zero-shot,No
TSOrchestra-test,50.81443298969072,39.71134020618557,1.4387719843508713,0.19190764091809429,48,fine-tuned,Yes
Zeus,51.628865979381445,46.381443298969074,1.4526710816656052,0.19399572947344007,49,pretrained,No
tafsut,51.670103092783506,50.577319587628864,1.4229328921166622,0.20147114647908007,50,pretrained,No
TiRex-2-Zeroshot,51.74226804123711,46.43298969072165,1.4605863555556515,0.1984087703743614,51,zero-shot,No
Granite-FlowState-r1.1,52.48453608247423,54.329896907216494,1.4737257469447163,0.20274486478443776,52,zero-shot,No
PatchTST-FM-r1,52.81443298969072,49.21649484536083,1.4472177590995479,0.20505502501371686,53,zero-shot,No
Timer-s1,52.98969072164948,53.97938144329897,1.5682174008524548,0.19920390623404977,54,pretrained,No
FlowState-r1.1,53.47422680412371,52.63917525773196,1.455213437153261,0.20019014550007974,55,zero-shot,No
ValBestSingle-cmtt,53.48453608247423,99.23711340206185,1.4939607198911153,0.24990987397079922,56,agentic,No
TimesFM-2.5,53.54639175257732,53.123711340206185,1.4883890773367725,0.21042882720034797,57,zero-shot,No
Falcon-X,56.144329896907216,56.175257731958766,1.531767088120896,0.19918385214499368,58,pretrained,No
LongSeer-v1.0,56.670103092783506,57.05154639175258,1.4540978034336778,0.20560593489532547,59,zero-shot,No
TiRex,58.36082474226804,51.11340206185567,1.4769032318079454,0.20133999247833004,60,zero-shot,No
Granite-PatchTST-FM-r1,59.16494845360825,53.06185567010309,1.4625706770464442,0.20628775620853096,61,zero-shot,No
Reverso,59.55670103092783,100.45360824742268,1.470592867331505,0.2549708434606381,62,zero-shot,No
Toto-2.0-22m,59.97938144329897,54.70103092783505,1.4341353551685325,0.20019395171083273,63,pretrained,No
Xihe-ultra,60.58762886597938,58.329896907216494,1.4857174219287312,0.20911027948076652,64,zero-shot,No
chronos-2-synth,61.06185567010309,59.72164948453608,1.4424231997684789,0.20564681313552335,65,zero-shot,No
tempo_ensemble,61.31958762886598,52.649484536082475,3.5337012311803258,0.1966426028155157,66,fine-tuned,Yes
TTM-R3-FT,62.08247422680412,66.01030927835052,1.4423037552016327,0.21254610803457996,67,fine-tuned,No
t0-alpha,63.70103092783505,53.63917525773196,1.5652280021674527,0.20178287458454092,68,pretrained,No
Xihe-max,64.21649484536083,60.96907216494845,1.4813953439933796,0.2098347996419735,69,zero-shot,No
TTM-R3-PT,66.30927835051547,70.9278350515464,1.4614780278978574,0.21667148198687755,70,pretrained,No
FlowState-9.1M,66.36082474226804,60.18556701030928,1.4973664366378119,0.21009753409678353,71,zero-shot,No
Reverso-Small,66.8659793814433,103.43298969072166,1.5295204009127368,0.2584471127338568,72,zero-shot,No
Kairos_50m,68.34020618556701,82.89690721649484,1.583173208515464,0.2345636202886598,73,zero-shot,No
Moirai2,70.42268041237114,68.04123711340206,1.5188897611554135,0.211607251537138,74,pretrained,No
Toto_Open_Base_1.0,73.12371134020619,66.52577319587628,1.5044050644360822,0.2110115954085567,75,zero-shot,No
Kairos_23m,73.30927835051547,85.1340206185567,1.5844100537113404,0.23346721298969073,76,zero-shot,No
chronos_bolt_base,73.90721649484536,75.87628865979381,1.8553880649797763,0.22436992711754222,77,pretrained,Yes
Kairos_10m,74.3917525773196,86.15463917525773,1.599682601484536,0.23200000117525774,78,zero-shot,No
TTM-R2-Finetuned,74.63917525773196,87.68041237113403,1.5090680884943761,0.25176643253598074,79,fine-tuned,Yes
CHARM,75.0618556701031,35.7319587628866,1.619790945070898,0.19158065870650925,80,zero-shot,No
timesfm_2_0_500m,75.18556701030928,75.20618556701031,1.7071762920006202,0.24882163356582818,81,pretrained,Yes
Toto-2.0-4m,75.35051546391753,70.21649484536083,1.4943468738614503,0.2117245827622391,82,pretrained,No
sundial_base_128m,78.22680412371135,85.62886597938144,1.8114148529226595,0.224963817268931,83,zero-shot,No
PatchFM,79.77319587628865,75.03092783505154,1.616342133877404,0.23485907817377788,84,zero-shot,No
xLSTM-Mixer,80.4020618556701,65.14432989690722,1.6430597982012145,0.20742353444266823,85,deep-learning,No
recursive-moirai-2,80.9278350515464,73.4020618556701,1.649658559208972,0.21317422028462185,86,pretrained,No
CleanTS-65M,81.63917525773196,72.74226804123711,1.5753199173170418,0.22247046870417675,87,zero-shot,No
chronos_bolt_small,81.6701030927835,80.90721649484536,1.8248737889708757,0.22946479794716407,88,pretrained,Yes
Reverso-Nano,82.04123711340206,107.55670103092784,1.6445169045301093,0.2675351815214228,89,zero-shot,No
goia-forecast-nano-v0,84.02061855670104,76.73195876288659,1.664204050116485,0.21891776314832706,90,zero-shot,No
YingLong_300m,84.95876288659794,77.58762886597938,1.7316259368462001,0.22212129280641355,91,zero-shot,No
tabpfn_ts,85.64948453608247,78.43298969072166,1.6230380670461084,0.22679687108751526,92,zero-shot,No
YingLong_110m,85.68041237113403,78.76288659793815,1.7536722316821507,0.22564758022998258,93,zero-shot,No
TempoPFN,86.02061855670104,75.08247422680412,1.6128713438446296,0.21947304139700996,94,zero-shot,No
TinyCast,86.81443298969072,82.5979381443299,1.6467837651955315,0.220540716996532,95,zero-shot,No
Metamorph1.0-4.5M,87.56701030927834,83.35051546391753,1.5211267346851471,0.23286730997378002,96,pretrained,No
Lingjiang,89.05154639175258,85.01030927835052,2.7616731099008724,0.2368462694179914,97,zero-shot,No
YingLong_50m,89.34020618556701,82.47422680412372,1.7517120697832134,0.23034096175925847,98,zero-shot,No
Moirai_large,90.34020618556701,82.55670103092784,1.850381443298969,0.24100927835051547,99,zero-shot,No
Moirai_base,91.48453608247422,82.71134020618557,2.0188350515463918,0.24291958762886595,100,zero-shot,No
Metamorph1.0,91.94845360824742,80.5979381443299,1.750787732827893,0.2229072074219799,101,pretrained,No
litespecformer,92.11340206185567,88.38144329896907,1.7604850522423023,0.25704515096009484,102,zero-shot,No
chronos_large,93.9278350515464,97.17525773195877,1.910278350515464,0.27273422680412374,103,pretrained,Yes
chronos_base,95.08247422680412,98.19587628865979,1.927,0.27248659793814434,104,pretrained,Yes
TimeTron-v2-33M,95.10309278350516,91.01030927835052,1.8163114665372138,0.24555594854882784,105,pretrained,Yes
PatchTST,97.85567010309278,89.81443298969072,1.7031649484536082,0.2316515463917526,106,deep-learning,No
FLAIR,98.14432989690722,87.49484536082474,1.7929291939672078,0.2258635833531312,107,statistical,No
Chronos_small,98.6082474226804,99.1340206185567,1.946680412371134,0.2779226804123711,108,pretrained,Yes
iTransformer,99.81443298969072,92.44329896907216,1.7945567010309278,0.25671546391752575,109,deep-learning,No
YingLong_6m,101.26804123711341,93.75257731958763,1.8731221006020482,0.24420745208113176,110,zero-shot,No
Super-Linear,101.3298969072165,114.58762886597938,1.9877252697113403,0.3046195290927835,111,pretrained,Yes
timesfm,102.96907216494846,97.48453608247422,4.176773195876288,0.27086701030927834,112,pretrained,Yes
tft,103.31958762886597,90.57731958762886,2.006340206185567,0.23219896907216495,113,deep-learning,No
visionts,105.44329896907216,115.30927835051547,1.8195567010309277,0.30610721649484535,114,zero-shot,No
Moirai_small,105.91752577319588,95.63917525773196,1.9575360824742267,0.2534948453608247,115,zero-shot,No
N-BEATS,106.47422680412372,115.8659793814433,1.8007113402061854,0.3247020618556701,116,deep-learning,No
FFM,107.03092783505154,100.09278350515464,2.103998063266552,0.2730449655925439,117,deep-learning,No
auto_arima,108.28865979381443,114.14432989690722,377.0114742268041,0.3756092783505155,118,statistical,No
TTM-R2-Pretrained,109.97938144329896,119.51546391752578,2.28811155828004,0.3374771103646952,119,pretrained,Yes
auto_ets,111.42268041237114,117.20618556701031,2.3354123711340207,2.701030928368042e+22,120,statistical,No
auto_theta,111.9381443298969,114.48453608247422,2.1385463917525773,0.7677625773195876,121,statistical,No
crossformer,111.96907216494846,101.75257731958763,576.6697257731959,2.122568969072165,122,deep-learning,No
TTM-R1-Pretrained,112.0721649484536,119.70103092783505,2.3933736651214126,0.33329074532177644,123,pretrained,Yes
seasonal_naive,112.63917525773196,118.68041237113403,1.9643077188636626,0.42048276032214016,124,statistical,No
DLinear,114.16494845360825,119.20618556701031,2.111154639175258,0.32824536082474226,125,deep-learning,No
deepar,115.12371134020619,107.71134020618557,3.0160206185567016,0.34071134020618554,126,deep-learning,No
tide,115.38144329896907,110.04123711340206,2.3684123711340206,0.2961061855670103,127,deep-learning,No
Lag-Llama,119.23711340206185,116.34020618556701,3.3325391977103713,0.32535668491318664,128,pretrained,Yes
naive,119.29896907216495,124.24742268041237,2.5493153492027245,0.6972967992392455,129,statistical,No
VISIT-1.0,119.47422680412372,124.37113402061856,2.549315349216495,0.6972967992371135,130,pretrained,No
