config,default,mase,wql
bitbrains_fast_storage/5T/long,blend_tc,0.8542936526208874,0.7245149987141634
bitbrains_fast_storage/5T/medium,blend_tc,0.9384360843003288,0.6505474199281885
bitbrains_fast_storage/5T/short,blend_tc,0.6316719918819058,0.3937776199278887
bitbrains_fast_storage/H/short,blend_tc,0.9257839324618096,0.6730869537151154
bitbrains_rnd/5T/long,toto_25b_ft,3.3436330371949605,0.8065499785161756
bitbrains_rnd/5T/medium,toto_25b_ft,4.3852234190139585,0.610550500185008
bitbrains_rnd/5T/short,blend_tc,1.5890067579122509,0.3865846810781051
bitbrains_rnd/H/short,blend_tc,5.653765338963483,0.630379494639989
bizitobs_application/10S/short,blend_tc,0.931466466652516,0.0091270392469707
bizitobs_l2c/5T/long,blend_tc,0.7410501413686948,0.3350029022191355
bizitobs_l2c/5T/medium,blend_tc,0.575633717649005,0.243709592182138
bizitobs_l2c/5T/short,toto_25b_ft,0.1853709750002557,0.050062234257456
bizitobs_l2c/H/short,blend_tc,0.4037920475037523,0.1722448786207787
bizitobs_service/10S/medium,toto_uni,1.0047444575395208,0.0274330279339873
bizitobs_service/10S/short,blend_tc,0.6504930671894993,0.0096713026315793
car_parts/M/short,toto_25b_ft,0.8666058514945351,1.0041811499091946
covid_deaths/D/short,toto_25b_ft,29.55095460291492,0.0238354192975982
electricity/D/short,blend_tc,1.3657746784607363,0.0528730309886906
electricity/H/long,blend_tc,1.2181029117148183,0.0873114488962806
electricity/W/short,chronos2,1.4359496391749484,0.046665039803131
ett1/15T/long,blend_tc,1.002814202362942,0.2301728149334687
ett1/15T/medium,blend_tc,0.9766538110438184,0.2284277291428302
ett1/15T/short,blend_tc,0.6757303079884817,0.1587966652856105
ett1/D/short,blend_tc,1.6516632092550791,0.2788561473581187
ett1/H/long,blend_tc,1.350424835736122,0.2633108802965845
ett1/H/short,blend_tc,0.7863560444146068,0.1697515786410677
ett1/W/short,toto_25b_ft,1.5551847069422151,0.2612622454140503
ett2/15T/short,blend_tc,0.7114898817540355,0.0614947430059254
ett2/H/long,blend_tc,1.147911839717453,0.1160388217445198
ett2/H/short,blend_tc,0.7339964475987044,0.0639421060664724
hierarchical_sales/D/short,blend_tc,0.742381385801805,0.5727194065608348
hospital/M/short,toto_25b_ft,0.7489170549901987,0.0491341244571107
jena_weather/10T/short,blend_tc,0.2530174090453432,0.0277080216942156
jena_weather/D/short,tirex,1.0191441925752145,0.046018956659604
jena_weather/H/long,blend_tc,0.8818865316995051,0.0588798433286155
jena_weather/H/medium,blend_tc,0.7929089276470315,0.0502545588627986
jena_weather/H/short,blend_tc,0.5112010816752299,0.040660847597318
kdd_cup_2018/D/short,blend_tc,1.207120022266699,0.3831317509207887
kdd_cup_2018/H/long,blend_tc,1.0439464756147476,0.4635265070945782
electricity/H/short,blend_tc,0.8724509365087549,0.0622413566152026
kdd_cup_2018/H/medium,blend_tc,1.0848227617830184,0.4474847275092265
kdd_cup_2018/H/short,tirex,0.7159706742160666,0.3095692703971366
loop_seattle/5T/long,toto_25b_ft,0.7839854423444389,0.069468965482221
electricity/15T/short,blend_tc,0.86327711962047,0.0733740697278884
loop_seattle/D/short,blend_tc,0.8731389292266009,0.0422259517141298
loop_seattle/H/long,blend_tc,0.8526815985846966,0.0578905993440369
loop_seattle/H/medium,blend_tc,0.8642168397262774,0.059789469145195
loop_seattle/5T/medium,toto_25b_ft,0.7150608321101526,0.0631646498337329
m4_hourly/H/short,blend_tc,0.6967003516973802,0.0224903542228879
m4_monthly/M/short,blend_tc,0.9007751198982172,0.0905287180326716
loop_seattle/H/short,blend_tc,0.8102265745260872,0.0566566471240852
m4_weekly/W/short,blend_tc,1.9394417213625277,0.0360224077903088
m4_yearly/A/short,blend_tc,3.22462140822052,0.112211951280908
m_dense/D/short,chronos2,0.678859770352735,0.0652781149826666
m_dense/H/long,blend_tc,0.6709352821481112,0.1099440598706014
m_dense/H/medium,blend_tc,0.6786048814771026,0.1123768658120631
m_dense/H/short,blend_tc,0.7651122558526582,0.1258193166101908
saugeen/D/short,blend_tc,2.9535931244401574,0.3505071754790025
saugeen/M/short,blend_tc,0.7197338068627532,0.2837194270964435
saugeen/W/short,blend_tc,1.1840593656226783,0.3439622001470825
m4_quarterly/Q/short,blend_tc,1.147948156842819,0.0730374295531005
solar/10T/long,chronos2,0.7912538528076362,0.2895485452378148
solar/10T/medium,blend_tc,0.7869235086497182,0.2885121208338617
solar/D/short,blend_tc,0.9601601583711542,0.2700151585241783
solar/H/medium,tirex,0.7403484648416828,0.2654743296178093
solar/H/short,tirex,0.7221997652862308,0.2704508684093263
sz_taxi/15T/long,toto_25b_ft,0.5039681358181486,0.1972547693462979
sz_taxi/15T/medium,turk,0.5345832627173099,0.2009471406037055
sz_taxi/15T/short,blend_tc,0.5394923856775604,0.1986712822030658
solar/10T/short,blend_tc,0.7577008702479585,0.3824881392185575
us_births/D/short,tirex2,0.2687037041624793,0.0135651964139305
us_births/W/short,blend_tc,0.8926202417084291,0.0104787419627961
loop_seattle/5T/short,toto_25b_ft,0.5403598692544787,0.0458825794801168
electricity/15T/medium,blend_tc,0.8189324944544041,0.0731830020545706
electricity/15T/long,blend_tc,0.8686451591046886,0.072923155586759
temperature_rain/D/short,blend_tc,1.3312023406117577,0.5441538858429997
bizitobs_application/10S/medium,timesfm,2.0439091413542156,0.0304023362557194
bizitobs_l2c/H/medium,blend_tc,0.4943173038653961,0.2420214779090214
jena_weather/10T/medium,blend_tc,0.5994583074601755,0.0472433817062374
bizitobs_application/10S/long,toto_25b_ft,3.1103186877216213,0.0546450283731261
bizitobs_service/10S/long,blend_tc,1.34092452210784,0.0526320935157997
bizitobs_l2c/H/long,toto_25b_ft,0.5528518320224522,0.2915092745798517
jena_weather/10T/long,blend_tc,0.6597467351919875,0.0471259742404573
ett2/W/short,toto_25b_ft,0.8129548625183773,0.086545945659319
hierarchical_sales/W/short,blend_tc,0.715253889506306,0.3430569956996048
solar/W/short,toto_25b_ft,1.17861771032776,0.1580725642695211
ett2/D/short,blend_tc,1.295158235345005,0.0948660743006725
ett2/15T/medium,blend_tc,0.8541643397219844,0.0881328160014795
ett2/15T/long,blend_tc,0.8851127140683754,0.0922676087964127
ett2/H/medium,blend_tc,1.1028638793465122,0.1109343512376106
restaurant/D/short,blend_tc,0.6922809049669836,0.259565513841258
electricity/H/medium,blend_tc,1.0972379789796696,0.0777274154215394
sz_taxi/H/short,blend_tc,0.5597629850009237,0.1346222949675302
m4_daily/D/short,blend_tc,3.213761821942079,0.0210754230178305
us_births/M/short,tirex2,0.5309371178427029,0.0106534170425817
ett1/H/medium,blend_tc,1.2430085847123649,0.2490870314233065
solar/H/long,blend_tc,0.9851331820292716,0.3367658119772329
